{
  "n_frames": 34,
  "weights": {
    "w_rot": 1.0,
    "w_trans": 100.0,
    "w_loop": 0.5
  },
  "converged": true,
  "final_residual_norm": 3.09128851626861,
  "cam0_to_cam1": {
    "R": [
      [
        -0.995956679760623,
        -0.07630838524845432,
        0.04740593191752952
      ],
      [
        -0.08963430194957775,
        0.8793443044762528,
        -0.4676743376530157
      ],
      [
        -0.005998662701626564,
        -0.4700325781538429,
        -0.8826286826972278
      ]
    ],
    "t": [
      0.006048397526288093,
      0.09064087047395937,
      0.4195717099226051
    ],
    "rvec": [
      -0.13329675960676438,
      3.0186316486163856,
      -0.7532317057680246
    ],
    "baseline_m": 0.42929333826684496,
    "baseline_mm": 429.29333826684496
  },
  "cam0_to_cam2": {
    "R": [
      [
        -0.21209361671757498,
        0.08573384110346231,
        0.9734813846383015
      ],
      [
        0.2872383545406384,
        0.957612049042071,
        -0.021755257071170042
      ],
      [
        -0.934082665200701,
        0.27500703994460296,
        -0.2277294503406677
      ]
    ],
    "t": [
      -0.2236848138414824,
      -0.015768586842066112,
      0.3159219917789067
    ],
    "rvec": [
      0.2773914353784275,
      1.7830497175084303,
      0.1883515081924272
    ],
    "baseline_m": 0.3874148282704806,
    "baseline_mm": 387.41482827048065
  },
  "cam1_to_cam2_derived": {
    "R": [
      [
        0.25084263557185105,
        -0.3608718336206155,
        -0.8982480124546129
      ],
      [
        -0.36018211528062716,
        0.8264986672618143,
        -0.432630092395822
      ],
      [
        0.8985247998866479,
        0.43205494177678305,
        0.07734152361390408
      ]
    ],
    "t": [
      0.1843871818311071,
      0.09301472675732197,
      0.23887520527603504
    ],
    "rvec": [
      0.6475903793768785,
      -1.3456608374302799,
      0.0005165522054902411
    ],
    "baseline_m": 0.3157716515348154,
    "baseline_mm": 315.7716515348154
  },
  "world_to_cam0": {
    "R": [
      [
        1.0,
        0.0,
        0.0
      ],
      [
        0.0,
        1.0,
        0.0
      ],
      [
        0.0,
        0.0,
        1.0
      ]
    ],
    "t": [
      0,
      0,
      0
    ]
  },
  "world_to_cam1": {
    "R": [
      [
        -0.995956679760623,
        -0.07630838524845432,
        0.04740593191752952
      ],
      [
        -0.08963430194957775,
        0.8793443044762528,
        -0.4676743376530157
      ],
      [
        -0.005998662701626564,
        -0.4700325781538429,
        -0.8826286826972278
      ]
    ],
    "t": [
      0.006048397526288093,
      0.09064087047395937,
      0.4195717099226051
    ],
    "rvec": [
      -0.13329675960676438,
      3.0186316486163856,
      -0.7532317057680246
    ],
    "baseline_m": 0.42929333826684496,
    "baseline_mm": 429.29333826684496
  },
  "world_to_cam2": {
    "R": [
      [
        -0.21209361671757498,
        0.08573384110346231,
        0.9734813846383015
      ],
      [
        0.2872383545406384,
        0.957612049042071,
        -0.021755257071170042
      ],
      [
        -0.934082665200701,
        0.27500703994460296,
        -0.2277294503406677
      ]
    ],
    "t": [
      -0.2236848138414824,
      -0.015768586842066112,
      0.3159219917789067
    ],
    "rvec": [
      0.2773914353784275,
      1.7830497175084303,
      0.1883515081924272
    ],
    "baseline_m": 0.3874148282704806,
    "baseline_mm": 387.41482827048065
  }
}