{
  "color": {
    "width": 640,
    "height": 480,
    "fx": 392.3622131347656,
    "fy": 391.86163330078125,
    "ppx": 322.4628601074219,
    "ppy": 239.52688598632812,
    "model": "distortion.inverse_brown_conrady",
    "coeffs": [
      -0.05449822172522545,
      0.059748753905296326,
      -0.0010033397702500224,
      0.0007594149792566895,
      -0.01984778791666031
    ]
  },
  "ir_left": {
    "width": 640,
    "height": 480,
    "fx": 386.5749816894531,
    "fy": 386.5749816894531,
    "ppx": 324.9861145019531,
    "ppy": 239.0024871826172,
    "model": "distortion.brown_conrady",
    "coeffs": [
      0.0,
      0.0,
      0.0,
      0.0,
      0.0
    ]
  },
  "baseline_m": 0.017979593947529793,
  "ir_left_to_color": {
    "R": [
      0.9999881982803345,
      -0.002569500356912613,
      -0.004122680053114891,
      0.0025752580258995295,
      0.9999957084655762,
      0.0013918644981458783,
      0.00411908607929945,
      -0.0014024650445207953,
      0.9999905228614807
    ],
    "T": [
      0.00024253294395748526,
      -1.93065370694967e-05,
      0.0003803012368734926
    ]
  },
  "serial": "230422271452"
}