{
  "color": {
    "width": 640,
    "height": 480,
    "fx": 393.4613952636719,
    "fy": 392.9256896972656,
    "ppx": 320.3974609375,
    "ppy": 242.60446166992188,
    "model": "distortion.inverse_brown_conrady",
    "coeffs": [
      -0.049526914954185486,
      0.059897273778915405,
      -0.00021951521921437234,
      0.001230817404575646,
      -0.021024052053689957
    ]
  },
  "ir_left": {
    "width": 640,
    "height": 480,
    "fx": 389.4574279785156,
    "fy": 389.4574279785156,
    "ppx": 320.73583984375,
    "ppy": 241.16331481933594,
    "model": "distortion.brown_conrady",
    "coeffs": [
      0.0,
      0.0,
      0.0,
      0.0,
      0.0
    ]
  },
  "baseline_m": 0.018038034439086914,
  "ir_left_to_color": {
    "R": [
      0.9999905824661255,
      -0.003652304643765092,
      -0.0023351958952844143,
      0.0036532366648316383,
      0.9999932646751404,
      0.00039499212289229035,
      0.0023337374441325665,
      -0.0004035194288007915,
      0.9999971985816956
    ],
    "T": [
      -9.897691597871017e-06,
      -4.7241574208101156e-08,
      9.999999747378752e-06
    ]
  },
  "serial": "353322271600"
}