{
  "color": {
    "width": 640,
    "height": 480,
    "fx": 389.17205810546875,
    "fy": 388.8065490722656,
    "ppx": 311.5715026855469,
    "ppy": 240.4031219482422,
    "model": "distortion.inverse_brown_conrady",
    "coeffs": [
      -0.05391478165984154,
      0.05559799075126648,
      0.00026193397934548557,
      0.0010808210354298353,
      -0.017885582521557808
    ]
  },
  "ir_left": {
    "width": 640,
    "height": 480,
    "fx": 382.2078552246094,
    "fy": 382.2078552246094,
    "ppx": 314.1148681640625,
    "ppy": 239.71070861816406,
    "model": "distortion.brown_conrady",
    "coeffs": [
      0.0,
      0.0,
      0.0,
      0.0,
      0.0
    ]
  },
  "baseline_m": 0.017956266179680824,
  "ir_left_to_color": {
    "R": [
      0.9999927282333374,
      0.003764217020943761,
      -0.0006320110405795276,
      -0.0037638451904058456,
      0.9999927282333374,
      0.0005885169957764447,
      0.0006342217675410211,
      -0.0005861339159309864,
      0.9999996423721313
    ],
    "T": [
      6.123287676018663e-06,
      -1.902313124446664e-05,
      6.004792885505594e-05
    ]
  },
  "serial": "130322270922"
}